genre,model,score,imp_n_artists,imp_duration_ms,imp_explicit,imp_key,imp_tempo,imp_valence,imp_danceability,imp_energy,imp_loudness,imp_speechiness,imp_acousticness,imp_instrumentalness,imp_liveness
sleep,"DecisionTreeRegressor(max_depth=8, min_samples_split=20, random_state=42)",0.5357404406343333,0.2578256229833565,0.04008452316786141,0.0,0.0,0.00968167200226734,0.25558637946686696,0.06509983327328873,0.05802229227101916,0.18638709079169685,0.047681344731999545,0.07616583528090669,0.0033069259630648194,0.00015848006767208879
classical,"DecisionTreeRegressor(max_depth=8, min_samples_split=20, random_state=42)",0.41426475385442063,0.49815630206440764,0.039337675667357935,0.0,0.007082145124416845,0.021123469609060735,0.0008864443819483441,0.03230061511106951,0.06857975718457059,0.1331470434335021,0.049778036633536464,0.05642019235672115,0.05864036637352505,0.03454795205988349
j-pop,"DecisionTreeRegressor(max_depth=8, min_samples_split=20, random_state=42)",0.2851932934754904,0.007888312034193282,0.12291287794937905,0.0,0.0,0.06275479766851932,0.03156670621281819,0.17247182017720006,0.3882503604329926,0.02022224420908228,0.028463754068726983,0.018735205947737983,0.0771511621338867,0.06958275916546361
hip-hop,"DecisionTreeRegressor(max_depth=8, min_samples_split=20, random_state=42)",0.28061869411649687,0.037859840994225916,0.037502560323046726,0.06597756208412074,0.0014764929557322102,0.0,0.0945820681998959,0.2087677421537887,0.033005606209599025,0.15118214369709754,0.05339980414181748,0.2662056814448088,0.013211342179547824,0.03682915561631897
k-pop,"DecisionTreeRegressor(max_depth=8, min_samples_split=20, random_state=42)",0.24540492262144942,0.03256489764459794,0.11117338658745204,0.3691433653239154,0.011143315933696748,0.004879497479109223,0.15110762038278408,0.0055287128031443755,0.0,0.20772675794148263,0.040187715327870674,0.013303130993797693,0.04819294980753245,0.005048649774616687
r-n-b,"DecisionTreeRegressor(max_depth=8, min_samples_split=20, random_state=42)",0.2305265588153803,0.0,0.10267205313164612,0.03462076026796425,0.06517932523253678,0.0,0.07414666559246925,0.0,0.07313312089177217,0.10224265425486424,0.17498062120799507,0.2929595578139197,0.043457742339598135,0.036607499267234236
blues,"DecisionTreeRegressor(max_depth=8, min_samples_split=20, random_state=42)",0.20975675627373347,0.0,0.04106606126266295,0.0,0.0042543544424625485,0.06959208739973458,0.185966031498499,0.0231259760961649,0.033578985934319336,0.10114991564277975,0.07310953031781132,0.32581371774604295,0.08479432409685343,0.05754901556266929
piano,"DecisionTreeRegressor(max_depth=8, min_samples_split=20, random_state=42)",0.1562925010067815,0.02300102338081748,0.09202820356665387,0.0,0.005376480036656676,0.27877532584780385,0.053233394784080366,0.04750147579216945,0.007012671935359739,0.16640607755471082,0.11630451034952757,0.0784781498719733,0.04358369893349991,0.08829898794674702
comedy,"DecisionTreeRegressor(max_depth=8, min_samples_split=20, random_state=42)",0.15008614611418547,0.0,0.0935296442276074,0.09617507831013172,0.010436846895890238,0.010027753533024986,0.049764838142376706,0.1487243133729572,0.05141212113369047,0.1366874680260748,0.0041217982229864985,0.3725185821312075,0.0,0.026601556004052618
psych-rock,"DecisionTreeRegressor(max_depth=8, min_samples_split=20, random_state=42)",0.136189081424129,0.0,0.026286559565632833,0.0,0.03390801244687843,0.038077258069614824,0.31205411586899306,0.010049315219381636,0.1308901022914552,0.15726986575080404,0.09209193871554176,0.08044816553903418,0.053483696358368214,0.0654409701742956
swedish,"DecisionTreeRegressor(max_depth=8, min_samples_split=20, random_state=42)",0.13516712610359316,0.0,0.07850137788828083,0.0,0.06041253914124526,0.23290769372586745,0.10665543529511118,0.0,0.29240887954184125,0.036155288891325986,0.1088113224019851,0.0,0.041671255562303444,0.0424762075520397
edm,"DecisionTreeRegressor(max_depth=8, min_samples_split=20, random_state=42)",0.12619336731100206,0.0,0.013152723006114458,0.0,0.03267388389718186,0.2901568043686995,0.05008730438750939,0.05501335000800587,0.2621479356433724,0.13719982298674965,0.04988093246979181,0.06215314230184554,0.03806112317385604,0.009472977756873441
funk,"DecisionTreeRegressor(max_depth=8, min_samples_split=20, random_state=42)",0.12091823212529795,0.012873880338462937,0.12368080621103443,0.015895451941563325,0.0,0.0788058594772499,0.09847586810725312,0.19483669886774965,0.06545776111264137,0.03981577050799861,0.23744406489689843,0.003066977904871642,0.039099770603112045,0.09054709003116444
ambient,"DecisionTreeRegressor(max_depth=8, min_samples_split=20, random_state=42)",0.11819675407311758,0.19821638813060607,0.03947245661653406,0.0,0.03668654096686006,0.07785498468480628,0.07938267287297887,0.051299407630664144,0.03196231544651507,0.1551452456649798,0.1128434454486725,0.15111812022914192,0.0,0.06601842230824118
reggaeton,"DecisionTreeRegressor(max_depth=8, min_samples_split=20, random_state=42)",0.10599519266762225,0.0,0.08237988782738476,0.0,0.0,0.01900941137570025,0.1085168296224024,0.25277082442346954,0.026756640180309373,0.1587060717884273,0.09197849729324956,0.07946303947620657,0.07949620205201924,0.1009225959608311
children,"DecisionTreeRegressor(max_depth=8, min_samples_split=20, random_state=42)",0.10457930006566829,0.04745054435626631,0.16126355153672348,0.0,0.016556592551165105,0.008164849044579653,0.0,0.1431827595118992,0.054840702523744296,0.08634783290597624,0.07995523739813948,0.1908382556293341,0.0822609839787182,0.12913869056345414
sad,"DecisionTreeRegressor(max_depth=8, min_samples_split=20, random_state=42)",0.10321210572389017,0.0,0.4600417226472616,0.030005675340437566,0.007907325075635702,0.0,0.01464852441350116,0.08448929528519196,0.03953555240249441,0.03217525479657334,0.10221957829434772,0.030649998804924385,0.06909419966047442,0.12923287327915767
rockabilly,"DecisionTreeRegressor(max_depth=8, min_samples_split=20, random_state=42)",0.10303777426187266,0.0,0.08227700695021839,0.0,0.005533508870832169,0.01295624143168391,0.06046282475393144,0.05659175376407712,0.14142736967986336,0.26323610213285054,0.0005394083747563104,0.27497967025478576,0.012880162679915345,0.08911595110708559
reggae,"DecisionTreeRegressor(max_depth=8, min_samples_split=20, random_state=42)",0.08057412950945575,0.006909529436022279,0.021806269870049622,0.04510554692793872,0.018912640708194258,0.04289238124224308,0.08092115234601682,0.15444576513431424,0.1957740361453429,0.10138111843563219,0.15351630185249815,0.032612827669482265,0.09387887372301858,0.0518435565092469
pop,"DecisionTreeRegressor(max_depth=8, min_samples_split=20, random_state=42)",0.07254963596252262,0.03150851862032266,0.10186572412740395,0.004894672455363903,0.03887876877265179,0.07691325331317092,0.08874313147442398,0.03840200166827272,0.13195758096174814,0.055902832874564726,0.12742062420089922,0.2578940830065305,0.026133132997969186,0.01948567552667821
drum-and-bass,"DecisionTreeRegressor(max_depth=8, min_samples_split=20, random_state=42)",0.06895111959495415,0.0,0.29522577694340196,0.0,0.031316164554709425,0.10191435362447177,0.1036476037086149,0.15000556919558322,0.0771020995657192,0.0504830631646582,0.0383985051926687,0.10716156884714007,0.0447452952030326,0.0
bluegrass,"DecisionTreeRegressor(max_depth=8, min_samples_split=20, random_state=42)",0.05771392306019241,0.01470359031986712,0.019207490147715233,0.0,0.034767883287949816,0.048699683527649536,0.11274320812834054,0.14384486032981672,0.028303207163382683,0.07040590957868924,0.12724131528943403,0.3416969755212482,0.0216066218869628,0.03677925481894402
rock-n-roll,"DecisionTreeRegressor(max_depth=8, min_samples_split=20, random_state=42)",0.05476494413546573,0.0,0.012165221400883124,0.0,0.0,0.0667861110975153,0.05672719802724969,0.0,0.25077823469574956,0.1231205965992424,0.36387894873759896,0.009564014761018445,0.0,0.1169796746807424
french,"DecisionTreeRegressor(max_depth=8, min_samples_split=20, random_state=42)",0.046423620666040555,0.02482439374560111,0.11355492378044758,0.01641461476843855,0.04243477796588216,0.15188501389669629,0.01867133230380513,0.010405229851955779,0.061177108438775475,0.09254116038104153,0.13356980465588114,0.1398683952758143,0.10668205928220374,0.08797118565345725
world-music,"DecisionTreeRegressor(max_depth=8, min_samples_split=20, random_state=42)",0.046312059705648445,0.0063114011871963725,0.09125093528195798,0.0,0.017412745455442857,0.0,0.07881355444071043,0.03767537363235209,0.05841945239945183,0.4883154482243333,0.03839437336967423,0.0813920690136116,0.0629081483446805,0.039106498650588996
show-tunes,"DecisionTreeRegressor(max_depth=8, min_samples_split=20, random_state=42)",0.04282408993254361,0.037151710405697716,0.12629002009022566,0.05744814120240842,0.0,0.10838863239981165,0.06913098128186872,0.04699853860665756,0.0,0.04493574087135348,0.027158248817699356,0.3752974393025586,0.06652172847314611,0.040678818548572714
samba,"DecisionTreeRegressor(max_depth=8, min_samples_split=20, random_state=42)",0.035134714095861885,0.0,0.14604903348521742,0.0,0.0,0.06528888557067788,0.1652146810317631,0.019422968591928352,0.044182940316398925,0.32037459504008364,0.0,0.15998147744488708,0.0,0.0794854185190436
soul,"DecisionTreeRegressor(max_depth=8, min_samples_split=20, random_state=42)",0.021000154090529133,0.05453083237863419,0.19018229375484777,0.08812465744591233,0.0,0.011418023544524548,0.17581761282843203,0.12632244939473014,0.04585443828244438,0.0899057998160708,0.03909710760371227,0.035883473932904204,0.07836710660813419,0.06449620440965298
german,"DecisionTreeRegressor(max_depth=8, min_samples_split=20, random_state=42)",0.02028279257203247,0.13383450389766643,0.10709245419150135,0.0,0.0,0.030915487336301527,0.0673122596212966,0.028051794288690278,0.08700473754059478,0.16701244894487088,0.08936395257980653,0.17713977257939573,0.04440440225205019,0.06786818676782597
anime,"DecisionTreeRegressor(max_depth=8, min_samples_split=20, random_state=42)",0.018711813176005343,0.0,0.07384538174917185,0.02729198597971337,0.015106334180572445,0.0,0.06480922002009981,0.07329500914625943,0.036632507944223305,0.3021512807368613,0.06533719795080693,0.1400987341970141,0.05655861202262649,0.14487373607265097
electro,"DecisionTreeRegressor(max_depth=8, min_samples_split=20, random_state=42)",0.007533822597609929,0.00644142099477231,0.136441858312273,0.04696299693245982,0.07541324659156882,0.14758672260664943,0.1538326562166961,0.0680493922127331,0.11732989037371974,0.1343524453773353,0.06292797212614404,0.0,0.025215431416962177,0.025445966838686263
chill,"DecisionTreeRegressor(max_depth=8, min_samples_split=20, random_state=42)",0.0038836644307340684,0.08190723935936209,0.06868998513122557,0.0,0.05904224866777389,0.04011880600541421,0.0,0.163289065503366,0.08926322679000924,0.020463478431450716,0.2561430934698365,0.03140690753399,0.035749077198994283,0.15392687190857737
heavy-metal,"DecisionTreeRegressor(max_depth=8, min_samples_split=20, random_state=42)",-0.00023307212660883536,0.0,0.014826688100876229,0.0,0.08355435699178489,0.06664713001957802,0.24640305778374172,0.0,0.07640540103309428,0.19866488819717693,0.043365164159171486,0.03502178634628543,0.0643184702724786,0.17079305709581227
disney,"DecisionTreeRegressor(max_depth=8, min_samples_split=20, random_state=42)",-0.0004121106769199301,0.05136440669202025,0.16427845837741775,0.0,0.028179844961413958,0.12843715828503918,0.017980823802299182,0.049230001010813575,0.03120004949655604,0.1551765838639692,0.039683144611253336,0.08935325867044198,0.21276743477038854,0.032348835458387126
latin,"DecisionTreeRegressor(max_depth=8, min_samples_split=20, random_state=42)",-0.0128042815476348,0.0,0.05887620576734613,0.0,0.043048752746120106,0.06943590013946715,0.04693936892047503,0.09789252644042357,0.1383932648112975,0.007754804601273076,0.05425632739677258,0.08320926966409328,0.10214937693797022,0.29804420257476155
deep-house,"DecisionTreeRegressor(max_depth=8, min_samples_split=20, random_state=42)",-0.015445462751506378,0.0,0.20595946207418034,0.0,0.023336234934228015,0.23023786057519108,0.07508523958179089,0.07162321572002979,0.0,0.022622585218810276,0.10985579684265753,0.10807863131476146,0.04181796567203584,0.1113830080663149
hard-rock,"DecisionTreeRegressor(max_depth=8, min_samples_split=20, random_state=42)",-0.01714196428889503,0.0,0.21428399650905647,0.0,0.0019832784124887556,0.07310843034973875,0.026057999306247418,0.16103728985034468,0.03215775505561781,0.08412249730631338,0.027863459766374294,0.11881729755891343,0.1748548304300858,0.08571316545481919
indie,"DecisionTreeRegressor(max_depth=8, min_samples_split=20, random_state=42)",-0.018563627673840566,0.009434701996749001,0.16543576062603127,0.003165905804733576,0.02328059921666678,0.04752856663183922,0.12281435561007165,0.2287314698305755,0.07265685668663996,0.04023637078099915,0.053371244027807394,0.05625382623803385,0.11992748602089695,0.05716285652895563
songwriter,"DecisionTreeRegressor(max_depth=8, min_samples_split=20, random_state=42)",-0.03559154791207897,0.0,0.08984495663011775,0.005001297034532846,0.13359974254259913,0.05081206309103389,0.08945706268275444,0.16972645990123536,0.2602287470674337,0.004540467363387514,0.08598948158158233,0.0438196553507477,0.014227611652916299,0.052752455101658866
pagode,"DecisionTreeRegressor(max_depth=8, min_samples_split=20, random_state=42)",-0.03681830346025561,0.0,0.002051913701948881,0.046620777411150296,0.0,0.008618343987926776,0.0010238059679259465,0.2455366946063775,0.0,0.074823463498999,0.004538465397202858,0.5859347796327997,0.0036419629377511748,0.02720979285791785
emo,"DecisionTreeRegressor(max_depth=8, min_samples_split=20, random_state=42)",-0.0368275400045146,0.0023061410420944983,0.017731003893519337,0.14760435910175185,0.0,0.05042711604965792,0.09052716303479279,0.11214319376422334,0.19563926111465585,0.1652168172136886,0.06682468702076058,0.042498882643207454,0.03758086990679121,0.07150050521485672
party,"DecisionTreeRegressor(max_depth=8, min_samples_split=20, random_state=42)",-0.04080040008378849,0.036454490759252,0.16128094223333878,0.0,0.03155209836986517,0.10257334433884328,0.0621707104947548,0.06448321945334723,0.10724109152663347,0.1026323679235606,0.0726360960848713,0.14053383960112123,0.08003841127526759,0.03840338793914453
punk-rock,"DecisionTreeRegressor(max_depth=8, min_samples_split=20, random_state=42)",-0.04194060183066739,0.039729350479976416,0.05932980295692193,0.013532442322992427,0.02841626061651674,0.22135418181669528,0.17430572692580873,0.06720426768028219,0.11071611538883835,0.08777533799199574,0.026654359175336435,0.009290859286084127,0.0,0.1616912953585516
garage,"DecisionTreeRegressor(max_depth=8, min_samples_split=20, random_state=42)",-0.049880108841554804,0.0,0.1496126025242425,0.0,0.0,0.11579281194511537,0.0828079037140496,0.18612926156763152,0.19226604672723652,0.11258737701490888,0.015261409189725225,0.04055409120722765,0.0862315148515261,0.018756981258336653
singer-songwriter,"DecisionTreeRegressor(max_depth=8, min_samples_split=20, random_state=42)",-0.05465327383715746,0.0,0.05393891146250752,0.0,1.4057582212300985e-07,0.0,0.09933233973382595,0.14966135536243408,0.33665416443594026,0.06796842570784985,0.13558825765784016,0.07361700796795802,0.03228457942433203,0.05095481767148989
british,"DecisionTreeRegressor(max_depth=8, min_samples_split=20, random_state=42)",-0.06479518554896746,0.11365930061412349,0.09237858838703693,0.0,0.07081445828679113,0.0,0.06465186232168206,0.10415446464605511,0.059309667762192875,0.13572066448615558,0.0,0.0879901095939014,0.21151283547963118,0.059808048422430406
salsa,"DecisionTreeRegressor(max_depth=8, min_samples_split=20, random_state=42)",-0.06590627419566597,0.014715828652037157,0.05157738649189285,0.0,0.0,0.1069211669510343,0.11314284276526687,0.045313527717743766,0.2085300729325829,0.15156928871964181,0.15774522410487987,0.017037914790647302,0.07441545417117802,0.05903129270309508
new-age,"DecisionTreeRegressor(max_depth=8, min_samples_split=20, random_state=42)",-0.06942389065716048,0.0,0.12194828000525215,0.0,0.02625067664274508,0.04151691616812996,0.08889408718673274,0.06861964020545248,0.13494565672545944,0.0771166319456706,0.055488899981619856,0.18264646995871628,0.15411512233006092,0.048457618850160374
pop-film,"DecisionTreeRegressor(max_depth=8, min_samples_split=20, random_state=42)",-0.07315448653670553,0.0,0.12622809953758513,0.0,0.007800111778935551,0.031222119285017336,0.052228888899228235,0.02583532020001825,0.32056920252455284,0.012506685249845178,0.032765632891775726,0.2449151181504953,0.0,0.14592882148254663
club,"DecisionTreeRegressor(max_depth=8, min_samples_split=20, random_state=42)",-0.0940019507655876,0.0,0.034802425933545454,0.0,0.06187796268469698,0.21490695496594564,0.12965454561470965,0.14267017426989542,0.04975816241679432,0.0600580776654658,0.10701140967294591,0.01759072020515077,0.16196737883469853,0.019702187736151597
house,"DecisionTreeRegressor(max_depth=8, min_samples_split=20, random_state=42)",-0.09642343127775477,0.017639692267916545,0.08870515946788514,0.0,0.006333630754118883,0.12176554168532266,0.1403846568042181,0.08957556432306231,0.2665517093006514,0.06631247013262226,0.03050192593415963,0.053424150780277735,0.029064953968000913,0.08974054458176432
j-idol,"DecisionTreeRegressor(max_depth=8, min_samples_split=20, random_state=42)",-0.10032083609021769,0.0,0.09019487865165703,0.0,0.050651251915840696,0.09606551347838468,0.09023409498089492,0.043096046174785387,0.003020838958760904,0.2619652063858477,0.06603019080037854,0.18575708155644724,0.047381205741160747,0.06560369135584208
techno,"DecisionTreeRegressor(max_depth=8, min_samples_split=20, random_state=42)",-0.1052580711300839,0.0,0.07792704041760978,0.0,0.0,0.09168510810152303,0.0864102592260024,0.20116170856672283,0.022238104321310532,0.0245556726859726,0.09928677441235657,0.1539410087398574,0.0978932509005628,0.14490107262808202
indie-pop,"DecisionTreeRegressor(max_depth=8, min_samples_split=20, random_state=42)",-0.11350275963854961,0.0,0.16953913760652203,0.033650129685055034,0.024774249346349666,0.02302649919993927,0.08120370954766597,0.08512489701948485,0.08536569646147037,0.14312476753022535,0.02682708004827248,0.14476930471413524,0.1679614709799335,0.014633057860946135
punk,"DecisionTreeRegressor(max_depth=8, min_samples_split=20, random_state=42)",-0.12082528016023919,0.012877742151920488,0.05247781083294316,0.04527219451558918,0.00583283441168538,0.2119827791547624,0.1454887349524695,0.0514816182640692,0.07667908704093385,0.17689179724550458,0.007883863323460999,0.07789026573809768,0.04867470941777211,0.08656656295079147
guitar,"DecisionTreeRegressor(max_depth=8, min_samples_split=20, random_state=42)",-0.12412328266686212,0.10264947726937544,0.05220866312128058,0.0,0.014102911783648352,0.0672411167933288,0.20039143228524442,0.08450497779580819,0.1387956815545282,0.09735691819221257,0.05898034461469115,0.036994388552683326,0.11172456100216165,0.03504952703503712
opera,"DecisionTreeRegressor(max_depth=8, min_samples_split=20, random_state=42)",-0.14075961038090634,0.05828602322721176,0.055053980251245686,0.0,0.04769076666419693,0.0,0.0,0.0795961329348459,0.04643696704761606,0.12331303427559476,0.1284442958315394,0.16917694967582264,0.15576505005633345,0.13623680003559346
hardcore,"DecisionTreeRegressor(max_depth=8, min_samples_split=20, random_state=42)",-0.14647566592572026,0.0,0.0,0.09142533316344492,0.060867403383348354,0.15399768128718266,0.033607137954830266,0.16292011589736033,0.05321391505270244,0.15302652890046894,0.04290430318371551,0.15119501940971974,0.07226979150719609,0.02457277026003081
dubstep,"DecisionTreeRegressor(max_depth=8, min_samples_split=20, random_state=42)",-0.14787554267423908,0.09215228918616061,0.29179091898737736,0.0,0.0,0.0,0.10072982113822851,0.0,0.07403591886452912,0.1487944453969846,0.0,0.0943281844743434,0.16711415488986767,0.031054267062508842
alternative,"DecisionTreeRegressor(max_depth=8, min_samples_split=20, random_state=42)",-0.15244044843189442,0.0,0.08201009169151387,0.015870621084089088,0.04346632982363722,0.07838148778652237,0.04273142862006818,0.1429535390307079,0.017550866994112974,0.1662343781245192,0.1497915407927316,0.061178607169179056,0.15956287586664186,0.0402682330162768
grunge,"DecisionTreeRegressor(max_depth=8, min_samples_split=20, random_state=42)",-0.1567175913268546,0.0,0.0,0.0,0.0,0.1875104775752745,0.27395841459027553,0.09331151020066772,0.1084871786834554,0.03282662272679057,0.07317048544801764,0.028869505850990435,0.06670906932983676,0.1351567355946913
trance,"DecisionTreeRegressor(max_depth=8, min_samples_split=20, random_state=42)",-0.1567847304914265,0.013841603895726574,0.11042274809938171,0.0,0.003048614994129259,0.10068485072244292,0.06376133046922335,0.09211173673588739,0.0616769973246921,0.12792951273773812,0.06935992434986459,0.024393917352191596,0.11650648287034328,0.21626228044837914
breakbeat,"DecisionTreeRegressor(max_depth=8, min_samples_split=20, random_state=42)",-0.1570896752771629,0.029063061582041097,0.09449579246266027,0.0,0.055423933183442915,0.09294581725365614,0.028151646424122177,0.29087707155961773,0.08312908742161368,0.08377938869134045,0.08933231011007287,0.011755516817544952,0.05515432221812579,0.08589205227576202
trip-hop,"DecisionTreeRegressor(max_depth=8, min_samples_split=20, random_state=42)",-0.16179673672165085,0.014919908261388308,0.06573814001358756,0.0,0.019353580049594896,0.07878921965844497,0.139132204700406,0.05886117448370741,0.12135293742559576,0.0188303115952214,0.039542083710224545,0.050486985641385276,0.24169727002107705,0.15129618443936693
dance,"DecisionTreeRegressor(max_depth=8, min_samples_split=20, random_state=42)",-0.16194512447593068,0.09726658296629911,0.14255196265955195,0.008389929876679384,0.02642300487461453,0.0909176262036274,0.038760516192359276,0.08558339355722398,0.10063390242670756,0.10420748893789823,0.05475251025994139,0.22950543189535602,0.0075922604323813495,0.013415389717359855
jazz,"DecisionTreeRegressor(max_depth=8, min_samples_split=20, random_state=42)",-0.1652581142578391,0.0,0.32190730015839986,0.0,0.051267915073041986,0.08071541280553421,0.09501409484814105,0.019023485805623467,0.0435924380301025,0.0966977055216,0.09562217861049403,0.048611888807179815,0.11190704728554952,0.03564053305433351
metalcore,"DecisionTreeRegressor(max_depth=8, min_samples_split=20, random_state=42)",-0.17755140391331592,0.0,0.08568282554281507,0.0518997357944938,0.021122442993299288,0.04959360127368494,0.039369360757849456,0.2188809050592229,0.06188231074833768,0.17220141208760484,0.06134511494717607,0.03942273761647212,0.17184679184990667,0.02675276132913717
country,"DecisionTreeRegressor(max_depth=8, min_samples_split=20, random_state=42)",-0.1799932836212057,0.0,0.10032147676708637,0.06979109164281366,0.07590600849864644,0.11750617303843094,0.12657520612749038,0.06494305816592423,0.009684226403682451,0.21727419549476001,0.0,0.033916417451336486,0.11568444494478207,0.06839770146504692
metal,"DecisionTreeRegressor(max_depth=8, min_samples_split=20, random_state=42)",-0.18834499203275734,0.0,0.08258062927735946,0.0,0.0519542699465129,0.0,0.060799807982756277,0.12419705443674176,0.0924047177666159,0.13624172906605542,0.06939271296225881,0.0533792916534077,0.15898816837695376,0.1700616185313381
disco,"DecisionTreeRegressor(max_depth=8, min_samples_split=20, random_state=42)",-0.18967285149787383,0.03321629077775924,0.0445255767873176,0.0035715357093109865,0.01073038857716005,0.12397611962823961,0.04892488690759392,0.14094103889454745,0.028074465337947555,0.27321274998723616,0.07607587582253218,0.10252173545331685,0.0672526623071469,0.04697667380989135
turkish,"DecisionTreeRegressor(max_depth=8, min_samples_split=20, random_state=42)",-0.19170158085546185,0.017699504115124918,0.21091302187696137,0.025267022752648763,0.038395492788025225,0.0,0.02779015277399456,0.036180003430718505,0.0,0.054863454707494125,0.19820295590022713,0.05469569717322198,0.2732343500275487,0.06275834445403473
latino,"DecisionTreeRegressor(max_depth=8, min_samples_split=20, random_state=42)",-0.19883268218553218,0.0,0.051941169178341066,0.04148481357659383,0.027990013960055075,0.08512341041510106,0.1394047131404941,0.10368122598120057,0.14123191848790084,0.07332901745911932,0.12255828432398054,0.07749063664330438,0.06319238083128276,0.07257241600262652
progressive-house,"DecisionTreeRegressor(max_depth=8, min_samples_split=20, random_state=42)",-0.20499640270643038,0.0,0.07682613996107455,0.0,0.03487298933147622,0.1268964446390748,0.24693757056324375,0.08797786614186406,0.15425192973896917,0.03127975954334944,0.020383881683228317,0.06045879037734956,0.042816169341696075,0.11729845867867411
power-pop,"DecisionTreeRegressor(max_depth=8, min_samples_split=20, random_state=42)",-0.20699313804071728,0.0,0.17954843409132337,0.013359827147570122,0.043632872744261766,0.2030421739673821,0.007161593593258498,0.18149247626012466,0.05906040076836246,0.021799934709450547,0.0663886171130257,0.11560871746572052,0.05786469691304663,0.0510402552264737
dancehall,"DecisionTreeRegressor(max_depth=8, min_samples_split=20, random_state=42)",-0.20862259283359452,0.026814720602698107,0.13580691955214452,0.0,0.005653999326637501,0.20859674707481307,0.1218925087732343,0.05669304624224393,0.055338840731205936,0.15032222617278865,0.035766703527355954,0.05822678404490704,0.10413305782829546,0.04075444612367551
kids,"DecisionTreeRegressor(max_depth=8, min_samples_split=20, random_state=42)",-0.21437017009879433,0.0,0.07160691027563194,0.0,0.0,0.02724092933086522,0.03235820575827651,0.0,0.0734351365145779,0.04156310639436524,0.21477222109409572,0.1990701735703539,0.05021587849993878,0.28973743856189466
groove,"DecisionTreeRegressor(max_depth=8, min_samples_split=20, random_state=42)",-0.21756978514493985,0.0,0.21853104045532695,0.009463286912897743,0.1072091673049144,0.015224860638136276,0.022245972115409317,0.03482129367570872,0.05343991744676315,0.12707326493399645,0.031028605820036758,0.1977260729765593,0.08751441979110451,0.09572209792914624
folk,"DecisionTreeRegressor(max_depth=8, min_samples_split=20, random_state=42)",-0.2181897383756186,0.014063561425062123,0.0882842974496967,0.018108189635218423,0.0021503493934187396,0.053894854884574066,0.12865427375931043,0.1229350439829984,0.05201165451819445,0.0722906091255499,0.22445712124191236,0.087892845736315,0.10868369533356177,0.026573503514187552
alt-rock,"DecisionTreeRegressor(max_depth=8, min_samples_split=20, random_state=42)",-0.2229798114439714,0.0,0.05766389536935358,0.0,0.014415268423979319,0.06771576339432972,0.21271580018782432,0.14678230313096557,0.09532479247201546,0.12232130410078343,0.020655496606750135,0.08400413275596808,0.061594566405865324,0.11680667715216488
hardstyle,"DecisionTreeRegressor(max_depth=8, min_samples_split=20, random_state=42)",-0.2394560567296249,0.0,0.15475422953569726,0.0,0.0,0.23323198028673797,0.05547923464366542,0.19537996047964667,0.12311516976445719,0.04106549717102896,0.02860878966951109,0.10254662038791525,0.06581851806134033,0.0
minimal-techno,"DecisionTreeRegressor(max_depth=8, min_samples_split=20, random_state=42)",-0.26251962388456707,0.012256128644932416,0.14210446495865092,0.0,0.026705572980349854,0.09796480031510937,0.10418666326542991,0.09784358996157594,0.13295210811939814,0.027163667519931257,0.08229011871931687,0.053211377519329285,0.13153318671312222,0.09178832128285393
cantopop,"DecisionTreeRegressor(max_depth=8, min_samples_split=20, random_state=42)",-0.2773966559018608,0.0,0.20920107062050447,0.0,0.06200756416393289,0.15060175447534255,0.0443576311486515,0.10416990724203797,0.0594719283532265,0.10797838792453593,0.03785536694305698,0.1274543297210287,0.06825141479651699,0.028650644611165597
dub,"DecisionTreeRegressor(max_depth=8, min_samples_split=20, random_state=42)",-0.28920528702350645,0.026388442391364023,0.1842743014027579,0.0,0.07550357431237874,0.06373044711356136,0.21399185891863742,0.012589193294761235,0.023394911206941475,0.17105973888978587,0.034838340311013904,0.14055318822072832,0.005044168864203044,0.04863183507386653
mandopop,"DecisionTreeRegressor(max_depth=8, min_samples_split=20, random_state=42)",-0.2930735066648402,0.0,0.14737043672874728,0.0,0.01513980659380474,0.16477257717373567,0.09802876552705077,0.14323935439980806,0.04435777987997064,0.048745475079935326,0.0817695138656016,0.0858970938039728,0.0605754297892683,0.11010376715810483
spanish,"DecisionTreeRegressor(max_depth=8, min_samples_split=20, random_state=42)",-0.2933866649598391,0.015609910725080058,0.11209137083635357,0.0,0.010100381825063362,0.1349933190651594,0.08222325296298666,0.16855899933803095,0.04454136674315462,0.11220107015517608,0.08430333677061237,0.07721311108570088,0.05488032590743619,0.1032835545852459
industrial,"DecisionTreeRegressor(max_depth=8, min_samples_split=20, random_state=42)",-0.2943770171222091,0.0,0.056689402544121664,0.0,0.03449499529726504,0.10810827334089713,0.01593013151611794,0.08975948222958662,0.24714332755252252,0.06473246252712792,0.08250395930864717,0.1356742846075933,0.14180796822555508,0.023155712850565568
synth-pop,"DecisionTreeRegressor(max_depth=8, min_samples_split=20, random_state=42)",-0.29721089440646975,0.0,0.21828147001979686,0.010018094097158975,0.06960471177981388,0.14395350622029116,0.17928910900302447,0.019222205777040043,0.025948120742140736,0.08284523068220671,0.06550129548002893,0.06964087868484034,0.04191227346626617,0.0737831040473917
sertanejo,"DecisionTreeRegressor(max_depth=8, min_samples_split=20, random_state=42)",-0.2993237474234063,0.0,0.04138606321575902,0.0,0.0,0.061587492577668615,0.11016653909044591,0.38909936048097793,0.040412605685451394,0.08319031399053554,0.10781364269147109,0.05702297263460032,0.030262074582580376,0.07905893505050986
rock,"DecisionTreeRegressor(max_depth=8, min_samples_split=20, random_state=42)",-0.3036137847443192,0.0,0.20525904811434115,0.0,0.1032325948810046,0.13201455414204735,0.19111229839297694,0.08104247737618729,0.1072901586011365,0.008169714265759407,0.09104325756091611,0.08083589666563055,0.0,0.0
goth,"DecisionTreeRegressor(max_depth=8, min_samples_split=20, random_state=42)",-0.3264252207459921,0.0,0.02853890151596482,0.0,0.016176113674051067,0.07087710855735282,0.13005481542202374,0.03246641318820224,0.04724993230902873,0.09733708363953894,0.09470193726161429,0.22415814301681886,0.1239692671563859,0.13447028425901858
forro,"DecisionTreeRegressor(max_depth=8, min_samples_split=20, random_state=42)",-0.3270840713265337,0.023623357981708223,0.15924953320978966,0.0,0.00856725183041448,0.06723917721472439,0.016716092161120546,0.10437346400010343,0.16925667025190702,0.12877263986786935,0.14556950765708987,0.01837918193715483,0.0,0.15825312388811813
malay,"DecisionTreeRegressor(max_depth=8, min_samples_split=20, random_state=42)",-0.33974400436382357,0.0,0.11619397863227793,0.0,0.05306387202538861,0.05460889602746706,0.1356640627108282,0.05994570262754223,0.1763226059507817,0.059505132925478744,0.03367441381665929,0.07732953505943659,0.012510150032042365,0.22118165019209723
death-metal,"DecisionTreeRegressor(max_depth=8, min_samples_split=20, random_state=42)",-0.3528697254219133,0.0,0.10328597283706689,0.002807518887756729,0.023808526515100664,0.0828920550769748,0.11176064211958008,0.058689812218872164,0.05357274657391542,0.10316367992118308,0.1422093366177158,0.13118041148776807,0.03370527295792727,0.15292402478613912
idm,"DecisionTreeRegressor(max_depth=8, min_samples_split=20, random_state=42)",-0.3538665319473049,0.03168257654255896,0.053374510271752815,0.007740901316517335,0.0,0.1491049369203665,0.0537082325783915,0.09855893565705544,0.09894922089119615,0.14048881005689573,0.11915450896900998,0.0393491541800014,0.1398194973764469,0.06806871523980745
brazil,"DecisionTreeRegressor(max_depth=8, min_samples_split=20, random_state=42)",-0.3570779796775807,0.0,0.060611872742967934,0.0,0.0,0.0,0.018694453227122612,0.016366787609968837,0.0,0.33030206463648665,0.0013207892560696067,0.11237777869595522,0.4238048720721414,0.03652138175928761
chicago-house,"DecisionTreeRegressor(max_depth=8, min_samples_split=20, random_state=42)",-0.36997347185969676,0.10913490266657931,0.16456702315734364,0.0,0.02065341890895437,0.0,0.12744934112394996,0.07019975353675281,0.09728421110039087,0.04451420586654013,0.10913171251726705,0.054378118553689646,0.12344019000724092,0.07924712256129142
mpb,"DecisionTreeRegressor(max_depth=8, min_samples_split=20, random_state=42)",-0.38281298593945245,0.0,0.009022374660237057,0.0,0.08972957027473556,0.002377862524002793,0.1633230298568722,0.06633079081851856,0.2055560570978012,0.07507312787534735,0.006093580228342375,0.08958447353590665,0.09628723061594217,0.19662190251229417
study,"DecisionTreeRegressor(max_depth=8, min_samples_split=20, random_state=42)",-0.38806294612761105,0.0,0.03348641059145134,0.0,0.00451232524782366,0.17570575879547307,0.0786837345177264,0.11182335285714685,0.11628504225997457,0.18005840653063032,0.05778133696578049,0.06838286076542932,0.06407377694194824,0.10920699452661561
happy,"DecisionTreeRegressor(max_depth=8, min_samples_split=20, random_state=42)",-0.3958282934837263,0.0,0.21110100262950543,0.0,0.01582981431231218,0.08962694679860882,0.07645321894774877,0.1419779775552683,0.017236474305355555,0.08405095630584955,0.0,0.09742857541944036,0.15714430014284464,0.10915073358306632
acoustic,"DecisionTreeRegressor(max_depth=8, min_samples_split=20, random_state=42)",-0.40566356570759576,0.00881025449529775,0.24365724542794207,0.0,0.0,0.06457559812972927,0.08941604138365485,0.06749176016945885,0.1768523367725918,0.12975184399510817,0.11241787378199176,0.06871275421951493,0.008941430565844935,0.029372861058865673
tango,"DecisionTreeRegressor(max_depth=8, min_samples_split=20, random_state=42)",-0.44592279542862,0.015929676019715507,0.028403804342087023,0.0,0.0,0.07921500321229283,0.06192264781848739,0.13597446554004564,0.03626014945902627,0.06980381237431482,0.1421065176286702,0.046549612835357836,0.132237295581856,0.2515970151881465
detroit-techno,"DecisionTreeRegressor(max_depth=8, min_samples_split=20, random_state=42)",-0.4529994396890904,0.06038241778144634,0.12819853223649086,0.07064855346749475,0.02032422491037913,0.17628838806265512,0.21299791692948672,0.0,0.019468045718567792,0.05312504663394176,0.012666428252596588,0.09118754204130239,0.1310683819457748,0.023644522019863685
j-rock,"DecisionTreeRegressor(max_depth=8, min_samples_split=20, random_state=42)",-0.4552030737334507,0.0021164228010204047,0.1308424964149315,0.016486505872507953,0.004176354887223652,0.0583936984715747,0.1554997821416399,0.1012948856788138,0.09541868494250466,0.25506617962358946,0.054630929723719975,0.014300502149994962,0.026060344418076767,0.08571321287440226
j-dance,"DecisionTreeRegressor(max_depth=8, min_samples_split=20, random_state=42)",-0.456107108220444,0.0335824121250069,0.20650294310337056,0.0,0.015307086509431363,0.02926412556793662,0.042786195763926164,0.07342252978192834,0.0853424321556042,0.09598658514082228,0.1687453765491873,0.08051974739889739,0.12464484604946185,0.04389571985442695
afrobeat,"DecisionTreeRegressor(max_depth=8, min_samples_split=20, random_state=42)",-0.47561654913408935,0.018174138750844837,0.2003152371542319,0.0,0.0,0.11938271223084676,0.13456448841242266,0.0780517968595914,0.013509167839944146,0.058446757648695676,0.026687397839368562,0.06757929451852551,0.1734343921943781,0.1098546165511504
honky-tonk,"DecisionTreeRegressor(max_depth=8, min_samples_split=20, random_state=42)",-0.47793116808104297,0.041396208103022254,0.060769687963476544,0.0,0.003947643722280643,0.37277023997039377,0.10898176197103247,0.12440903584921013,0.005174091554580522,0.027915326865699915,0.021244628358077413,0.018890289965691146,0.09139331325872457,0.12310777241781051
indian,"DecisionTreeRegressor(max_depth=8, min_samples_split=20, random_state=42)",-0.48417131402685754,0.052957073312287946,0.010109082116869835,0.0,0.029095135096297155,0.05874458587806164,0.1759139854023886,0.009069778463880096,0.12178676301226317,0.16992310669890598,0.14698931666850737,0.20684351795404515,0.009678657675208683,0.008888997721284604
gospel,"DecisionTreeRegressor(max_depth=8, min_samples_split=20, random_state=42)",-0.5055912234939901,0.019325694039030835,0.23367640053834213,0.0,0.0,0.4624660503560434,0.018679575579703376,0.021951542966745622,0.0044808300575356,0.02164263021612354,0.028251631553165773,0.026482717221021506,0.08035299938679058,0.08268992808549759
black-metal,"DecisionTreeRegressor(max_depth=8, min_samples_split=20, random_state=42)",-0.547880294188692,0.028893641170230275,0.18121860820736543,0.0,0.043714521553943224,0.11403499483171853,0.07022783949371345,0.15829070052633729,0.037587433288581176,0.1350618631392527,0.04893815764186781,0.020395178905433946,0.056557071294263725,0.10507998994729266
electronic,"DecisionTreeRegressor(max_depth=8, min_samples_split=20, random_state=42)",-0.6056037774268481,0.03895811397828852,0.23577950374276924,0.0,0.0,0.1464334091428001,0.2523418838130867,0.0906491715154169,0.0781387512189706,0.0,0.0,0.10178587763202067,0.05591328895664716,0.0
ska,"DecisionTreeRegressor(max_depth=8, min_samples_split=20, random_state=42)",-0.6078658643214359,0.0,0.14307591745129702,0.0,0.0,0.06989020885705804,0.008121930857773199,0.12659929469322848,0.18547335836434717,0.1826361647998514,0.011424632944883576,0.12314794557947074,0.07625174255832327,0.07337880389376707
romance,"DecisionTreeRegressor(max_depth=8, min_samples_split=20, random_state=42)",-0.8521217704684709,0.01738267136924418,0.0262046177973455,0.0,0.04825954298714445,0.11130125734778192,0.10514989747112774,0.14620272523732353,0.048254044328565844,0.04714410330025357,0.1966495082479804,0.12889409406863553,0.048396510550337446,0.07616102729425968
grindcore,"DecisionTreeRegressor(max_depth=8, min_samples_split=20, random_state=42)",-1.0550534298271228,0.0,0.2291447577353721,0.0,0.010402296162523812,0.039339029258054804,0.043760841747321345,0.009269492571479004,0.0807943034690011,0.42294846905001554,0.06692253672120457,0.035373068610814046,0.01977161644549718,0.042273588228716505
iranian,"DecisionTreeRegressor(max_depth=8, min_samples_split=20, random_state=42)",-1.1750823736769358,0.0,0.20497050116321697,0.0,0.009387152598187828,0.003757672896722727,0.022513738687225126,0.2917206836377095,0.0,0.31303246863522327,0.05658581099483253,0.009366166822129712,0.06681840373151383,0.02184740083323842
